<?xml version="1.0" encoding="UTF-8"?>
<metadata xml:lang="pt"><Esri><CreaDate>20210825</CreaDate><CreaTime>20363300</CreaTime><ArcGISFormat>1.0</ArcGISFormat><SyncOnce>TRUE</SyncOnce><DataProperties><lineage><Process ToolSource="c:\program files (x86)\arcgis\desktop10.8\ArcToolbox\Toolboxes\Data Management Tools.tbx\CalculateField" Date="20210825" Time="203633">CalculateField Grande_Carajas_Fl_Altamira Projeto "Grande Carajás - Folha Altamira" VB #</Process></lineage></DataProperties></Esri></metadata>
